insert into TrackingUsers values("001", "user01", "user01@users.com", "passw1", 1, "2018-01-01 00:00:01", "2038-01-01 03:14:07", 1, null);
insert into TrackingUsers values("002", "user02", "user02@users.com", "passw2", 1, "2018-01-01 00:00:01", "2038-01-01 03:14:07", 1, null);
insert into TrackingUsers values("003", "user03", "user03@users.com", "passw3", 1, "2018-01-01 00:00:01", "2038-01-01 03:14:07", 1, null);
insert into TrackingUsers values("004", "user04", "user04@users.com", "passw4", 1, "2018-01-01 00:00:01", "2038-01-01 03:14:07", 1, null);
insert into TrackingUsers values("005", "user05", "user05@users.com", "passw5", 1, "2018-01-01 00:00:01", "2038-01-01 03:14:07", 1, null);

insert into History values("001", "001", "eb264eea-4106-46a3-9992-70f16f283a15", "2018-07-10 15:00:00");
insert into History values("002", "002", "5f484241-6dcc-4731-846c-7fc3e4f0fafb", "2018-06-10 16:00:00");
insert into History values("003", "003", "c36e7f61-ba7b-408f-b113-c528980e7131", "2018-07-10 17:00:00");
insert into History values("004", "004", "5f484241-6dcc-4731-846c-7fc3e4f0fafb", "2018-07-10 18:00:00");
insert into History values("005", "005", "eb264eea-4106-46a3-9992-70f16f283a15", "2018-07-10 19:00:00");

insert into Zone values("9ff78a6a-2216-4f38-bfeb-5fa189b6421b", "bathroom");
insert into Zone values("743d2365-2eaa-412f-8324-6b6b1361ba5b", "kitchen");
insert into Zone values("183f0204-5029-4b33-a128-404ba5c68fa8", "bedroom");

insert into Position values("eb264eea-4106-46a3-9992-70f16f283a15", "0", "0", "0", "9ff78a6a-2216-4f38-bfeb-5fa189b6421b");
insert into Position values("5f484241-6dcc-4731-846c-7fc3e4f0fafb", "1", "1", "1", "743d2365-2eaa-412f-8324-6b6b1361ba5b");
insert into Position values("c36e7f61-ba7b-408f-b113-c528980e7131", "2", "2", "2", "183f0204-5029-4b33-a128-404ba5c68fa8");
